AccountID,CustomerType,DevLanguage
935afc18-43be-43b9-9d39-6469f18a9d32,Enterprise,dotnet
153f08c5-7a39-46a5-9477-0cdde5c3c9e7,SMB,dotnet
4a7e4e7d-2182-491c-b99c-83da1172ac32,Credit_Program,dotnet
fbe40696-9366-433e-bdfa-4b207bf7f3d2,Credit_Program,dotnet
ef997ccf-b8ca-4a5d-af8d-211d1042cb52,Credit_Program,dotnet
8352e7bf-e114-436e-8448-64e5520d6799,Credit_Program,dotnet
b1197eb4-f8db-44c1-9322-a75dedf47b9d,Enterprise,dotnet
7c9bf990-59c6-420d-a8be-29d200b98008,SMB,dotnet
21dbb15c-ca5e-46c2-9b71-abb3c98cbe5b,SMB,dotnet
2df21df5-1187-4b85-a04b-0023150c0db6,SMB,dotnet
e11c9ca8-7145-48ed-9939-fcf3c0047616,Enterprise,dotnet
165f579b-9644-49d2-9fdc-71dda77ef02e,Credit_Program,dotnet
5b3dde1c-00ca-4545-9e73-c24fd9c80871,Credit_Program,dotnet
c8e75221-92fe-4d0f-8760-389096bcacca,Enterprise,dotnet
1ff0e507-b195-44a6-8d57-b09b17623b72,Credit_Program,dotnet
7fdfab04-ce4c-4563-b9f6-692978deabff,SMB,dotnet
aa3930c3-09fb-42cc-9cd7-2ad3c257d3e9,SMB,dotnet
f59a886d-dc63-45b9-8afc-661b49b9bf85,Credit_Program,dotnet
93d84b78-3978-475a-b275-634aceb5d65d,Credit_Program,dotnet
6c8ce65f-3e57-4c1c-b134-e818cb2fbfc8,Credit_Program,dotnet
cb1471d5-d859-4b03-9fee-c9b2133b7103,Credit_Program,dotnet
cbf5a829-756e-484a-a560-e2f9124e0a49,Credit_Program,dotnet
e49efe25-afbf-4fc6-aad2-a68ffc20e6ed,Credit_Program,dotnet
a9f1e269-afd1-4516-8dc7-438c3389a4f3,Enterprise,dotnet
cd29cb24-f913-4767-92ee-f5ac6bf317d6,Credit_Program,dotnet
b4058861-fa32-499e-9d4b-09815b704abe,SMB,dotnet
7501f8a0-94ac-4533-9fe2-56f6a5602500,SMB,dotnet
4ec458ad-c05b-49de-996c-f66e3f19b20c,SMB,dotnet
814acbeb-f48b-4e8d-9120-11699c7138f5,Credit_Program,dotnet
cde3745a-5e5d-49fa-9580-6d81333dc954,Credit_Program,dotnet
791b661e-7074-433a-8180-731784b880f6,Enterprise,dotnet
7f4664a7-17b4-4252-b22c-bce8ecfd6c98,Enterprise,dotnet
33d99f16-11e7-41b2-bd68-b5d7b0fde0bb,SMB,dotnet
c2ba7db1-699b-4965-bab3-a0a01a5afa1d,Credit_Program,dotnet
8494a1a2-0174-478e-b27e-1eb9da77d94f,Enterprise,dotnet
b4198142-489e-4909-9635-0e373f24cefb,Credit_Program,dotnet
87a1df49-7991-455a-9044-ea2e093b594b,Enterprise,dotnet
5891a5f4-75c0-4195-83cb-d6e5e17acbbc,SMB,dotnet
bce1d082-cd13-4da3-a4eb-9fd5d4783830,Credit_Program,dotnet
337107a9-ffdb-43fc-9d4e-b8f24e0f5f56,Credit_Program,dotnet
c37d8af9-bdcb-4b60-8c64-07b4b919fe03,Enterprise,dotnet
3688fcec-e8ac-4e74-948f-15c6e3c155ef,SMB,dotnet
3766bb0a-4f93-4835-852b-436ba502688b,Credit_Program,dotnet
19aa1204-2df0-4a76-8092-6979ec588ba4,Enterprise,dotnet
fb0f67a7-de75-4b07-9291-c1d2df127779,SMB,dotnet
77c26d75-8ebe-490a-95a3-37507d590f00,Credit_Program,dotnet
5c56cc94-03ea-4583-9408-3d86fbfdf5ed,Enterprise,dotnet
445b6beb-bab9-4bd6-92bb-6be8f2b29676,SMB,dotnet
75318343-0677-403f-b850-f3c7c9c132a8,Enterprise,dotnet
26ac5826-8442-443f-9d7b-8f3d30410da4,Credit_Program,dotnet
183ca180-4896-4e87-b4a0-4b14f1d2dbb9,SMB,dotnet
8fa7ee81-7c09-4865-a115-045f7697fa89,Enterprise,dotnet
8dd29df3-992b-4243-ab31-09fb0c6b5828,SMB,dotnet
365a9d4a-4db1-4a1e-b677-d151100c1090,Credit_Program,dotnet
1b549f23-e3df-4d05-9779-e3b8a65d53d1,Enterprise,dotnet
fe609465-9497-4e67-bcfd-6e069baf64fd,Enterprise,dotnet
fcd5ce7c-0900-4f7c-9f67-08de38543c26,SMB,dotnet
5a13ba6d-9a39-4cc2-a5dd-66f81109f4c6,Enterprise,dotnet
866276b2-71c6-4b7d-bc18-7188d7a4c5e5,SMB,dotnet
3ba53d80-6a2a-4117-a319-2c5e22377136,Enterprise,dotnet
2f96432e-385b-4f23-a401-6587765d184f,Enterprise,dotnet
23fb4277-4301-40b4-a9a4-f296586b83bb,SMB,dotnet
61b30d0d-12b6-4632-a6b8-f11b1d8ae98b,Enterprise,dotnet
00f256ff-48d6-4c60-ac2a-7c228d19434c,SMB,dotnet
5e4b8cae-f61e-40e8-bc5a-4744101515d8,SMB,dotnet
1f9becc5-de55-4c89-abf0-61677fd78d03,SMB,dotnet
538540e7-62ba-40b5-acc7-64386c006ac6,SMB,dotnet
6747aed2-3d8b-442d-9f75-66377d0d1aaf,Enterprise,dotnet
6b75212f-ad24-4a36-b39c-ee71132893af,Enterprise,dotnet
837d4565-4da2-40e2-a1da-cf3dc891c68c,SMB,dotnet
0f472148-09ba-4a7a-9fd1-f1d851b39270,Enterprise,dotnet
615c7ceb-768a-4b64-9005-72df7fe07e15,Enterprise,dotnet
088faff1-9b18-44ab-9028-ea3f404c3093,Enterprise,dotnet
5a8f96c5-d9cf-4818-afa6-dbc6bf01ce0e,Enterprise,dotnet
31ce6398-90a2-4c26-9ff4-6d29c4ae8b67,SMB,dotnet
51b5d603-5a79-4358-8c3a-fc6d9fcff715,SMB,dotnet
91413e59-da01-48a5-8cc9-f25c0590bd49,Enterprise,dotnet
27773782-3531-4a19-a924-e2e79e408381,SMB,dotnet
009a6f83-0b0f-4baf-b15c-6ea7e2bfe771,Enterprise,dotnet
eedcb854-b699-41dc-8f59-6eb5f75d5abb,SMB,dotnet
3b152741-8a22-4707-91ad-924c4c828423,SMB,dotnet
18e7b855-f9ca-484f-ab3b-2eb111d25995,SMB,dotnet
1179e4bd-1e23-4091-b47f-c93b15ba7c45,SMB,dotnet
9b35b42f-672b-414a-a004-a4377d7a7ba4,SMB,dotnet
b7508e25-367e-47ec-82b6-23bc6310de72,SMB,dotnet
14245b80-3fa9-4fa9-9411-379e698a40f1,SMB,dotnet
8d807c7c-d1d2-41c1-8098-7772832bfb3e,SMB,dotnet
65be8a7e-430f-485d-bb3e-a2b34ea8f19a,SMB,dotnet
cf814952-c483-469d-9c7e-da4accfcf250,SMB,dotnet
c59b6ce7-c21f-4d13-9fd9-e9a3cb788473,SMB,dotnet
9acbb516-d857-4de4-8e97-15076b4728ea,SMB,dotnet
14f54a27-a2d3-4695-bd1b-ec87a5a4fadb,Enterprise,dotnet
bd2e2d90-b14d-4304-b445-c7917316fcd6,SMB,dotnet
d9d9ab1a-93c1-4dc9-b5a9-70c5fb6ba2b1,SMB,dotnet
4a96e975-13eb-439d-a21f-0b17ace94307,SMB,dotnet
d946c708-9e9d-4dbb-9f01-7aec3ad3ebc3,SMB,dotnet
712dd258-7460-47dc-985d-5e3d7ee6ae1e,Enterprise,dotnet
50153090-0b18-46aa-a215-576ba830b3d7,Enterprise,dotnet
d67b9b56-8da2-45d4-87b6-1c9116bb0c93,SMB,dotnet
32095386-7bad-4ba2-b2ae-06066b33d5fb,SMB,dotnet
b75333c4-cb9b-4d3f-a6dc-5fbb0f71304d,SMB,dotnet
c000eef7-3c26-40ea-8bdb-ad22df26433d,SMB,dotnet
9ba940ee-ecf1-4069-8bed-f91edc1e4011,Enterprise,dotnet
08040385-c04b-4102-a8e5-2c6dd1823842,SMB,dotnet
00db90cd-b58e-4693-8d28-2dab619717cc,SMB,dotnet
8f81d61a-7fb6-47e3-9e40-8fd14f438ba4,Enterprise,dotnet
1d19794a-94c3-4a64-b90e-b4c7bb34e334,SMB,dotnet
ea253e8d-f837-4625-affd-18f2e296931a,SMB,dotnet
5b5f355f-31a5-4dcb-9c6b-0a2d0306133f,SMB,dotnet
21f99d0a-f6be-410f-b412-15461f6becb2,Enterprise,dotnet
a3b70c08-9faa-4ac2-b8a7-266b9dc0b393,Enterprise,dotnet
5f07aeb3-da82-46cf-bdaf-1b8e17f447bb,Enterprise,dotnet
24b3ea79-e49d-47e4-a307-c6274fcd27a8,SMB,dotnet
88a4bddc-124c-4978-a568-1acf1713d561,Enterprise,dotnet
a59598fc-c377-4e67-8815-b963956e4e97,SMB,dotnet
bca034d7-0574-4887-ae7b-e1ada5721b63,SMB,dotnet
7319919d-d4a5-4665-801d-1ccabc73e11d,Enterprise,dotnet
a41ecf71-66d3-46bb-88e9-a74b1e63817b,SMB,dotnet
a272ce7e-f0ae-4219-95e9-2b042550f9e0,SMB,dotnet
0c364871-3524-48ae-bd67-8678238abf51,SMB,dotnet
467a3036-fbc7-4a87-9266-9ddf6ff3869a,SMB,dotnet
3166d0be-07e0-4708-a557-6621a519b529,SMB,dotnet
24fe49cb-c46a-4cd2-8d8e-2f7373e75f9a,Enterprise,dotnet
1a0cf431-6be4-4513-b6fc-f6aa0538f65b,Enterprise,dotnet
07568147-f4e3-46a2-a255-5cffa1a682eb,SMB,dotnet
422fcdaf-3e68-423b-b62a-68a4e073a703,SMB,dotnet
0f1f6639-0da3-4787-b04c-89fbb38b82b2,SMB,dotnet
8c4c8958-fa6a-4689-8e45-cd402195ea22,SMB,dotnet
8e74cfe5-1112-43e7-a2b0-75e2bd7c613b,SMB,dotnet
52c05a5c-51a0-4e76-a016-2552180a4b3b,SMB,dotnet
9ad3f375-af5e-4580-8e03-209d0dd05082,Enterprise,dotnet
179ab024-8bfa-4f99-965d-c9787a470878,SMB,dotnet
fff222de-fc58-4847-8522-7ebc247e12a1,SMB,dotnet
41b26e54-82b1-4115-8255-f19140556c1d,SMB,dotnet
22969bf5-4a40-4768-8114-7cbb38fd6ead,SMB,dotnet
b6c79803-5093-4259-876f-dffa8982fafb,SMB,dotnet
3715892c-501e-4cc4-ae0c-defd4c147519,SMB,dotnet
de859b24-15f5-4cc3-b4a2-65caad127952,SMB,dotnet
8ca271e3-4753-4203-a5ae-b1e91eb559ff,SMB,dotnet
ea71c22f-6391-4287-9f83-8366d57d0356,SMB,dotnet
d03a3f9b-b991-4169-ad00-e2681e8d5635,SMB,dotnet
09b2c0e1-1065-41ef-9bdb-9d5d3d20f07e,Enterprise,dotnet
6b0dc08b-d5e2-45dd-b09c-0e794bbdce68,SMB,dotnet
f694807a-1e51-496d-a958-6c07179cd799,SMB,dotnet
167e7a87-6feb-408d-991f-5f42b211e5fc,SMB,dotnet
b6b6d35c-ef78-47ca-998a-a2a4d8f1a09c,Enterprise,dotnet
22f532b3-ad6a-4fda-9c8f-a6eacd9fdc87,Enterprise,dotnet
d0820010-60ec-4a1c-a1ce-fde06ea5bc56,SMB,dotnet
ae09f565-a1e4-4e0f-87a4-91302d79d54e,SMB,dotnet
5beb3b31-e5f1-44ff-8abc-99495ce906ef,SMB,dotnet
29e08188-3ee5-4647-84cc-1bdaf772a4c5,SMB,dotnet
47c8f2ac-1187-43e8-b14a-db556e27e74f,Enterprise,dotnet
bf969ccb-c849-498d-a467-266419ec3e3b,SMB,dotnet
5c635ccd-b2f9-4bb0-afc2-54623a05fb85,SMB,dotnet
1a307956-c60b-49e5-a12d-900e725eaf97,Enterprise,dotnet
da64d309-016b-48ee-8c8d-d71cde688aae,SMB,dotnet
92535b78-29d7-43d3-900f-5d6a82a7db3d,SMB,dotnet
4ce09c63-4a9d-41cb-86e1-f6dfa2145800,Enterprise,dotnet
f7a3ad3d-c93c-48c7-b8ed-e5cdad19f355,Enterprise,dotnet
2ae45692-66bd-413d-9a6b-dc38c2ac1743,SMB,dotnet
d822975d-5093-4664-86ab-294e1b904255,SMB,dotnet
ec633746-83b1-4531-8eb0-574a1d42b772,SMB,dotnet
6359d66a-8b54-4c56-bc1f-947af1fb8fa9,SMB,dotnet
8633ae9b-681a-4512-bd0b-76aeb04f36a5,SMB,dotnet
0ea674da-28ac-4405-b306-8e3a97376fb8,Enterprise,dotnet
5e79d826-8d65-412a-89d1-2db309177c6b,SMB,dotnet
220087d5-68a0-4a53-8632-b34a53359221,SMB,dotnet
601ec0a6-7d36-4201-932c-04fd73a251bf,SMB,dotnet
37e62fda-7097-499c-b47b-8fcdf73a8cb0,Enterprise,dotnet
5b339cfb-3dd1-48ff-a45a-bba3e4a543d4,SMB,dotnet
23d9daf3-6242-4d43-9384-75e0bfd44814,SMB,dotnet
a33a8281-f53d-4b88-99f7-6ad1baa14124,Enterprise,dotnet
f4e354c7-1352-4a51-b517-93843483cdad,SMB,dotnet
ca106287-917d-4315-be5b-7436f939c1ee,Enterprise,dotnet
2dd3d002-3f11-435a-929f-bf4bbf1ca258,SMB,dotnet
3a768ef3-4898-443a-92e9-a9f41fec84f8,SMB,dotnet
7af0b136-fcd3-49d5-917e-f3f075ddbc4d,SMB,dotnet
d624e494-b2d5-4c7f-81b7-40462be4e969,SMB,dotnet
2a740d1a-7d35-42a4-8915-6519d7def295,Enterprise,dotnet
1bb1b5fc-ae6a-4a68-8f69-4b8b18d59770,SMB,dotnet
6b1a9aa6-f4c5-4604-9e37-18938eaab18e,Enterprise,dotnet
9532500d-e733-415e-9c04-49ef81f0a026,SMB,dotnet
967e09e4-bf4c-4170-a40a-3ac5512998d1,SMB,dotnet
0d2bd9dc-d8d6-4c14-a77f-7c41e9682f3d,SMB,dotnet
4c4b55a1-00f5-46b1-a0fd-c3c4fa336fad,Enterprise,dotnet
a5e32b60-eadf-4dc0-9b32-568485e1f637,SMB,dotnet
f1687f51-c6cc-4a13-b94b-50c9d350eb6a,Enterprise,dotnet
7be73a49-b0c3-43b7-94b7-131ead0cfa4f,Enterprise,dotnet
91715697-29be-4b41-84f1-9c2622691420,SMB,dotnet
0091a19d-19f0-4053-9983-a321b1c1e0f5,SMB,dotnet
aff9aee0-5a02-4fa2-b251-6115a0ca8361,SMB,dotnet
06dec3b0-719b-4b52-85f0-5a63869c5e02,SMB,dotnet
1d44f246-d772-4cbb-8547-1fe0be941bd1,SMB,dotnet
c9f8a79b-07df-4e6a-b222-af60f283bdee,Enterprise,dotnet
10d8c429-a6d6-4f34-a0d5-dd4c94fc392d,Enterprise,dotnet
855a15c1-03ab-47e8-b72d-52b851c41771,SMB,dotnet
4cc563ce-2375-4a2a-9b43-0890291da519,SMB,dotnet
1b503769-d86c-40e6-98b3-b7450eb074b2,Enterprise,dotnet
988f2cfa-7fdc-4f46-99d8-88ce51a76dd7,SMB,dotnet
13f364a0-5e91-422d-8213-e83588f322b7,Enterprise,dotnet
779b8598-99e9-4dd9-af3b-77c3776be6f1,Enterprise,dotnet
b378bc78-4031-481e-911d-1a4416dd372d,SMB,dotnet
ddb1cc83-9785-482b-8866-fde797a85713,SMB,dotnet
79a75e5f-9b71-4eb8-afce-1b2f20dc5835,SMB,dotnet
4419eae2-e3fd-47b6-aa76-fef82eda12fc,SMB,dotnet
c774ecfc-c018-4bdd-9ec5-3856cefaa9c4,SMB,dotnet
577c9568-700e-46fc-b869-80071ee0f4ee,SMB,dotnet
3d0333fd-c7d8-4ab3-a4a7-91477a295d90,SMB,dotnet
ab8881ed-e56c-4f1f-a842-fb7fcc06507d,SMB,dotnet
0835f4a9-721b-43fd-a703-fb6a6108fc69,SMB,dotnet
389326be-09f5-4d50-8563-407fe524dd47,SMB,dotnet
7f26a3fe-7d54-4990-92b9-c0572991dcca,SMB,dotnet
346634e3-ae52-46a9-9686-ced185b5dd27,SMB,dotnet
21d7b7dc-e570-4eac-bc1f-67f64a80c2d4,SMB,dotnet
fe71bcca-f763-4f2c-8c1a-345318c62f54,SMB,dotnet
ccc951f8-609d-4be3-9a75-536fbaa7998d,SMB,dotnet
da11eb25-f90e-4e8a-a154-58027f8c1518,SMB,dotnet
76a35c07-1923-475f-9ec2-d73928e17de0,SMB,dotnet
20ecb886-4f94-49e2-9d8f-ed7bd9c8c778,SMB,dotnet
4cdc1c7b-5c31-4755-bcfc-8ff9f44afda6,SMB,dotnet
65eedec4-1a33-4f97-9228-9321f0668366,SMB,dotnet
94f26088-3559-4bf0-b1ba-bec22c656182,SMB,dotnet
836f2de3-de90-408f-ba72-3d830758d45c,SMB,dotnet
9bcee63c-da4c-4a4e-85b9-82de0666c10b,SMB,dotnet
1e22b815-5bdc-462d-b873-5d0c776cfe88,SMB,dotnet
57e1fb99-bb97-47c8-84af-762582f666fd,SMB,dotnet
1d62d53a-c2d8-42ac-ba22-8baf02438d8f,SMB,dotnet
408ac240-b9d9-4741-bb25-eac0bc46bd57,SMB,dotnet
f344c930-15bd-44e3-9d7f-5735addf0b3e,SMB,dotnet
e89ac8b2-b1b3-485c-9e51-5ea55f227759,SMB,dotnet
b934afc3-63a8-40a8-b01d-b7532484cd27,SMB,dotnet
46739078-e40b-48d2-91b0-d7d083aed729,Credit_Program,dotnet
1ba7ae7b-81dd-49d3-a405-d7522eae472f,SMB,dotnet
0c2d59d1-729f-427e-bffd-d6fcd8db8c05,SMB,dotnet
a66a90f2-7615-4696-bbc1-78c71c74bd97,Credit_Program,dotnet
9170aa25-9136-4136-beeb-e9b4c08ab4f8,SMB,dotnet
04c2d8b3-9497-4cd6-8d75-c868d576dc61,SMB,dotnet
2180a140-3290-4d54-82a6-fcb99eacfb9d,SMB,dotnet
3fdee170-720b-47f9-8e7a-d4bc3bd6ad43,SMB,dotnet
ac7e11e8-0bb4-46b9-ae94-ac7292c33d55,SMB,dotnet
58dcb55a-4387-41e1-84d5-1fed3482e3e1,SMB,dotnet
132b1f80-c94e-4c72-a73c-ae541866f89a,SMB,dotnet
e751a71f-c11f-4a99-9a3e-adacc55583c1,SMB,dotnet
7f02a0f7-1ac7-40dc-8441-7c6fb66c3d68,SMB,dotnet
1dc483c6-c976-4761-b065-fb70137d3738,SMB,dotnet
5924c0a6-d532-47b6-a3cf-76a78bf23b32,SMB,dotnet
20375119-1c8d-46cd-8e32-c58e96b7a175,Credit_Program,dotnet
b5623540-f459-4ba4-af03-6756efee9af7,SMB,dotnet
fbf59f4a-520c-4967-ad2c-ccf63c32d1f8,SMB,dotnet
bde23ebc-5b1a-419f-b85e-adec48b313e7,Credit_Program,dotnet
58e592f5-3938-4268-9fc0-d52e26210f36,SMB,dotnet
7002bdf9-e3a9-431e-b254-791283d5f8df,SMB,dotnet
cb1a3d0c-5fc5-4495-9a66-8f4ea495ae1b,Credit_Program,dotnet
ecb2b12b-e199-4dd6-a362-f0c1261acc01,Credit_Program,dotnet
e282318f-ad0a-4f30-a181-575c7b1dc485,SMB,dotnet
d5282eb3-b700-47bd-b5d8-3e8499449563,SMB,dotnet
ef2902b5-9a10-44a3-ae7c-471a19e717d5,SMB,dotnet
1533a099-e6be-404c-b605-0c12bd6292fa,SMB,dotnet
6ed6e3ef-2d2b-4f60-a58b-be136cd65430,SMB,dotnet
91d13035-ece0-46a1-98fa-b0c93acded8f,Credit_Program,dotnet
2fddde21-1389-4f0c-91bb-826eefeaaf0f,SMB,dotnet
8f0b4cb5-9aaf-4f08-bf20-d6e2b6c1917b,SMB,dotnet
a3136a47-0e0b-43ae-8786-39de52af8158,Credit_Program,dotnet
14eee3fc-f534-4656-b885-f24151ca563e,SMB,dotnet
b85fcd27-44e0-4070-9ac5-c141275bf5b1,Credit_Program,dotnet
0c0d4193-4d94-4517-a22a-e5c21b7ad19b,Credit_Program,dotnet
e83093c1-f650-43d9-aef8-be5514a8e1f4,SMB,java
360a07d6-dfd3-4e2b-b3c6-9a71aa22d16c,SMB,java
0221ecd2-b5b7-49b8-ae67-7f90e670b873,SMB,java
4432d95c-bda6-4c8e-81f4-70d1fe04e6ed,SMB,java
f660bb53-f24c-4fee-9459-a7a39bf5b532,SMB,java
c304a03f-a9a8-4cc2-9bac-cba07252b79f,Enterprise,java
4369e6e3-0250-4000-9aaf-520cfd1ae32a,SMB,java
31a7d970-0fd5-4cb4-987a-bd6e809a0470,SMB,java
c969ed1c-f2ec-4a03-aa7d-ffe4712262c3,SMB,java
17deecb4-c56c-4f43-9dd9-0a57e772d6f1,SMB,java
0f24d14e-cf64-40ed-8cb3-19b5be469e93,SMB,java
55220711-6901-427a-95ff-642ec8387aca,Enterprise,java
31b79aab-eb2b-4c58-9b89-399f5bcf22b3,SMB,java
e488866b-5c44-48d8-8215-c7fdcba30675,Enterprise,java
60011338-6781-4f1c-8112-07e0490d849c,SMB,java
5e755d47-0d2b-4a34-9711-ded925be6188,Enterprise,java
228f1c15-c6a0-4b56-8931-c5658a5dd361,SMB,java
29b8b576-1560-4f80-9376-02d4796c8441,Enterprise,java
8e23a7a3-90ff-4018-a20e-e2a508869917,Enterprise,java
9b67dea0-5332-4b67-a756-7fb4bd9c1ce2,SMB,java
6fc6c4da-e2ff-4ee5-9f46-68dd91d694b0,Credit_Program,java
4c19c722-e646-4ada-a4a9-490b6c607a7b,SMB,java
82fe9b31-f6aa-4a5c-8bae-399b3865ae55,Credit_Program,java
bde95237-e026-458a-ac61-67ee58afed72,SMB,java
dc9122fb-8683-4eb6-b98a-dcfdac1e71b7,Enterprise,java
9f3483b0-9a90-4fb0-acca-6c588588bb2a,SMB,java
6aedff58-df2e-4ccc-8b63-52af54a52f8a,SMB,java
82cc9281-cc86-4639-b2b0-68fba2e7441c,SMB,java
f222d8e5-cbd0-4f45-84ba-06695e7ba604,SMB,java
615a00eb-776e-4dea-9961-a615e5c043c5,SMB,java
b6411d7c-36ce-4296-9738-8746df70eb20,SMB,java
d7756cf0-16ad-4f49-b397-bd3aa6c7b5d0,Credit_Program,java
90ec8ea3-737f-4a8f-9d6e-91e1daaf80c1,SMB,java
6748658e-2dac-41bb-9ec9-6e8a81128a55,SMB,java
9abf9a04-eca6-474d-87a0-0a5f4c1fc0ad,SMB,java
2c167540-9b98-44d0-8a69-3cbbbce56143,SMB,java
03767bf8-93ec-4182-a8f3-9eb14e9fc0bc,SMB,java
252ad81e-1798-4d99-befe-4a30b5013079,SMB,java
f2761ec0-5ff2-4177-ada7-7d5d6ab8e0ad,SMB,java
524463ea-f346-4eeb-ac40-83af9739477b,SMB,java
a246244e-ea2f-43b0-a74f-ef437cd47969,SMB,java
09772d52-4e80-47c8-87b1-7eaf9e3ba6d4,SMB,node
873124d0-7da5-40db-8d49-bb91c61a85c6,SMB,node
c7f0c5c4-c293-416c-9248-95c23e9c7813,SMB,node
25bab8a5-67a9-46de-998f-0fde6984749a,SMB,node
5a65c1b9-eb95-4a34-968d-d82c0a1b0b0a,SMB,node
1d4f16b6-a4ca-4a86-aedc-02adfdfd4847,Credit_Program,node
5bd9b144-4b79-4f7d-8a88-0cb58782270e,Enterprise,node
a950cc7d-0b1a-438a-b700-a7a6f9299246,SMB,node
d57ed8ae-99ff-4837-8d1b-a95d8dbacdd3,SMB,node
4cc975e3-4b5d-49f7-9fd9-8fe609b39d9c,SMB,node
41efafb8-3d42-41a7-a60f-ab6e9475f434,Credit_Program,node
81dfdeda-881f-48bd-b949-8b21c55be754,SMB,node
d37d70a0-34e6-4c26-9e79-4c1d368b935a,SMB,node
13004a0c-abd2-4bfe-ba5c-7f9b65c82709,SMB,node
5e73d9bc-841c-4fb0-baf4-071d582dce07,SMB,node
f018aff3-a393-4cb2-860c-7ac1bd6ac194,SMB,node
f70060da-fd58-42c2-89f2-6c4f8e1065b5,Enterprise,node
8706cf03-84b9-4060-a214-c0c6b2b6f576,SMB,node
218716ad-073e-4b26-b745-be2e8807587f,SMB,node
d405f379-9015-4752-b1d8-bc92c0244638,SMB,node
2a0e311a-605a-4f4b-bbad-a4e4e110c37e,SMB,node
cd0fd128-8d70-45d7-a0a3-194395a5a539,SMB,node
191035a1-4437-47c6-9615-f15841714ffb,SMB,node
f6dbc154-f1ce-45df-8bf4-c7c6cc80a854,Enterprise,node
86bb2179-81c7-4de3-b571-4bd0b8d0f159,Enterprise,node
9c3d82a4-cc4a-41e8-850c-8af0964893dc,SMB,node
abc41e6d-6798-4b6f-a546-2dce77893675,SMB,node
c074743f-051d-4ea6-95eb-4c483acb83fd,SMB,node
6ee60502-18de-421f-95c0-a839e1899384,Enterprise,node
41c5d9df-7c76-4864-8274-3ccf1ec3ce18,SMB,node
fd6610cf-ac0c-4d4c-9a34-4dae84901876,SMB,node
3d722826-b978-4cea-9a02-aa9535685fb4,SMB,node
da00df6c-bf55-47f9-b776-4dd56bc8b942,SMB,node
4560cc09-9e45-44db-8a77-5fbfed94bb3c,SMB,node
586340f3-5bcb-4f1a-84c7-bb2ef5dcbdac,Enterprise,node
674bff98-d075-48a3-879b-4aa9e5961d54,Enterprise,node
2c8624dc-a815-4fc4-b718-75ec498cb306,SMB,node
489fce91-316c-4825-8e31-ebb0ad65ecc9,Enterprise,node
156ff79b-806d-4212-ad3c-62f8528cf2a3,SMB,node
10cb1075-c6ae-47ce-99f0-8006c4f2883d,SMB,node
6cdf25b3-8fe1-438f-9f7d-88fdda07e758,SMB,node
e37daddb-dc1f-4ac9-ac1f-30420318b11f,Enterprise,node
959d6bed-ac96-4073-83e2-51c28d1eee8b,SMB,node
74cd142b-15b3-4881-a040-882b0d227fbf,SMB,node
03d94caf-cb2c-4c2a-acb9-8502c319cff0,SMB,node
dc1df0f7-5e75-4636-989b-5331a023b8af,Credit_Program,node
ebbb83ea-2b50-4b93-849e-0b2d46f71ba5,SMB,node
031a9b30-0703-41f3-b884-544f107cd0e1,SMB,node
6beaebbd-41f6-4bf9-a4b2-8068340b0e63,Enterprise,node
ea8b2855-fe10-48bd-a70f-bd282e93d711,SMB,node
d3b581a5-dcf1-45fc-aaaa-159e9525babe,SMB,node
8e5dac92-f90e-4c08-bda7-cceefb603872,SMB,node
8b0fcaa7-c470-46a6-b67b-f134da4c60fd,SMB,node
96fd561f-cfd1-4612-800c-2cbf96a44d6f,Credit_Program,node
9de159de-6482-4bc3-940c-c7d05afe98d7,Enterprise,node
79b618c3-7c6d-4b0a-9391-4ae486534060,SMB,node
686fb1db-a0f3-4c45-b0c8-fd728bb8e704,Credit_Program,node
e122ad76-cb52-42fa-ac1f-bac7877a7b8a,SMB,node
729e3883-980d-416b-9301-0763c46c001a,Enterprise,node
ad24217d-15ff-4132-94eb-0cb067992870,SMB,node
fc93583f-5eaa-4d5a-b436-4f76362fa6f5,SMB,node
4d3600dd-75c0-4969-bb21-99a2fb2a2026,SMB,node
7e48f66c-db93-4141-a3cf-c302fb162c05,Enterprise,node
da79250d-694b-4798-9534-88e02107d82a,SMB,node
49b58286-6ec3-45f9-909f-b0b500fe690e,SMB,node
047cfb3f-f724-4627-946e-9c22b6aecdbb,SMB,node
81dd5cde-2108-426f-bbad-41001ae7ac61,SMB,node
2eeb135e-3bec-4c36-af0c-24ad451d300f,SMB,node
371f299b-38e6-4229-b765-7ea1c7a51b16,SMB,node
6f65611c-3316-4798-9b56-3f99e57f2b12,SMB,node
226e3fe9-12eb-4a38-b77b-b29729738a4a,Credit_Program,node
7ae2f111-d3b6-47c2-afdd-d2623660288c,SMB,node
09566665-7c1d-4c34-9cbb-d65f8ab78719,SMB,node
254e053d-f22a-44cd-aab7-2569f37dbd95,SMB,node
7a782896-a9ff-4163-8bca-15e8a0a62f5a,Enterprise,node
5020c856-8b1a-4c9f-957a-26337eb03398,SMB,node
b21f8f13-ded0-44ce-a96d-dbf7e0ca039a,Enterprise,node
b580a016-490f-4164-87cb-4b3a22070efd,SMB,node
b7de1d10-60a6-430a-864d-ed3ef69971c4,SMB,node
d7e87afd-686e-4b4e-a3f3-c35965741491,SMB,node
093eefe6-b990-4ff4-b4b8-0ae5f90c1c6b,SMB,node
f4efab3b-36cc-4e61-8b50-25e6ca8557a4,SMB,node
5ef5a022-3024-45f5-ad1c-5b39cae30e25,SMB,node
d6f99f09-c3c7-468c-91ed-5487488ff25b,SMB,node
f485a82c-d7ea-4b4e-9034-3f4aeb47d263,Enterprise,node
353cada8-a4d3-40bd-a4bf-d99224292398,SMB,node
47f86597-e710-401d-b01b-1641f90b1d8f,SMB,node
b2a5371a-9710-4689-8a5f-ea3be58ebf86,SMB,node
9843dd52-7a2f-4361-882b-8e72f732b168,SMB,node
d1ab7147-d19e-4442-93d3-4948d83d454b,SMB,node
a88a0f02-8b45-4dd6-bb5d-4bd0d493d63d,SMB,node
63b02095-66bd-49d5-ac18-affd633467f1,SMB,node
fa712089-9647-4833-9269-afaad307c503,SMB,node
830d8c64-3f29-4fa3-8d26-802b14874db3,SMB,node
834df1ae-0ca0-4163-8eb2-86fcaf502a1a,SMB,node
b604e5fe-8245-495a-a5ac-7c0cb2dfd28b,SMB,node
4adb18a7-69d0-46cd-b5ea-20eaf5449483,Enterprise,node
19714cfa-8c8f-414c-8ba3-038599c5afb8,SMB,node
9b677ac7-b2fe-49c1-a3b8-11fc2bbc3624,SMB,node
9c1b91f9-3167-456d-8d57-5339f3132354,Credit_Program,node
1c5f7c84-221f-4326-bdca-6f723f5d8932,SMB,node
e7e843c6-6765-4bcf-99b7-5cf5b9801fde,SMB,node
cbbb66c7-b802-473e-8f7a-6a58308fd896,SMB,node
a9c99db5-d468-4c2d-b6e6-9d7c621f4e94,SMB,node
d9e9c5ca-c56a-47e3-996e-8d617208c468,SMB,node
b7cd405e-5e9b-4448-91e4-ef5727e3389e,SMB,node
f08ff6b2-efa5-4aa5-b1ec-f0f110117659,SMB,node
51c9500f-ac4d-4783-8c5b-2f6e5cdb3140,SMB,node
c8d81c07-cb34-495e-9e45-0ba46efb8433,SMB,node
b10232dd-a6a7-4a27-95ec-9b8220ea795f,SMB,node
bc6f42b6-8433-4791-987e-12b3b666accf,SMB,node
0aaf1d3b-f400-420f-b113-cb3ee3b24f96,SMB,node
8be20d61-7d09-438b-bcc6-863e73557a77,SMB,node
ee4f9651-0820-4bc2-a771-f3240bc183c4,SMB,node
d5bdeca6-55e3-4988-a51d-6bb0c3a120ab,Credit_Program,node
6376f82d-3e90-4a64-8f5a-7e8084b04aa8,SMB,node
d968da76-0010-45e8-ac8e-6b9967686e5d,SMB,node
6bcfd985-c78d-41d7-acee-e923a9b7f866,Credit_Program,node
73f3e822-03e2-4d3b-b681-ff38e6a269cf,SMB,node
3a5dc291-764e-41dd-9ad3-af65c52fa3a8,SMB,php
bbccb402-bd9d-4a35-ac5f-8eaf2fe33229,SMB,php
d2dde2d4-e2dd-4431-a2e2-b1c746bb188f,SMB,php
18d01ce1-84b9-4acd-846b-c3abb566c85a,Enterprise,php
52e3a0f0-ed89-4160-a74b-717574e0976b,Enterprise,php
f6fbcf2f-2b85-4a26-92b8-abb43fa4b4fe,SMB,php
024503f9-dbd4-43cf-b92c-b171c45de380,SMB,php
b2a320be-3a52-4d21-8774-7d0eb474720a,SMB,php
6bd0890a-ba73-4e54-a740-c9bdeb6cc612,SMB,php
4a9d329e-1497-4cc2-913d-69de4941ee28,SMB,php
d4609b59-5a28-470c-834a-d32a7979f323,SMB,php
2de9bf9c-88e8-4918-8025-3dac2a49665e,SMB,php
b9a158ad-f07b-4c4f-a80a-c1312b5f41d9,SMB,php
49d12b48-44af-443e-9162-553aa29e7e89,Enterprise,php
b50af83c-b8e6-4ead-8d76-4140a6b1c236,SMB,php
e6e191a6-e756-410d-892d-f4a11a8fbfba,SMB,php
b2392c43-2486-476d-ad41-212cc5ebdca0,SMB,php
50cf5873-184f-4624-81f1-fa4f8df13c45,SMB,php
9e0f5270-17f4-4783-9d56-672e914579a1,Credit_Program,php
503eec3d-3a51-40c1-956c-291263c41a6d,Credit_Program,php
afe4b230-e09e-4ab1-99a2-3832baea764f,SMB,php
be4417b9-1cb7-4971-93ca-168e0261d8aa,SMB,php
74fc0f94-5c81-421a-898a-a605c3686f81,SMB,php
319a0b6c-3378-4c87-9c00-62c412a24f0c,Credit_Program,php
5b759ede-d724-4fd1-bece-c1d92ccc9c58,SMB,php
1de5565f-e2b9-4d58-82bc-990793c60de7,SMB,php
807a77aa-86b6-4175-a911-0e8642c464fe,Credit_Program,php
b7d8d611-afea-4fd4-8c33-14207a1942f5,SMB,php
510f6ea1-6bdb-4ace-8d92-f253bc3a1c69,SMB,php
6cc71c9b-8fc1-4a3e-b9b9-409f6b4a1c15,Enterprise,php
9c5ab614-2fc9-48ba-b7b4-b1409cae25d6,Credit_Program,php
7f72f92b-93a3-4fc0-a2e2-e29f59a76a39,SMB,php
59706693-7c65-43b8-a4ad-4b625624a656,SMB,php
67042bf7-6f37-40d7-8d30-2721ec8f1f72,SMB,php
d6ee7e2b-6379-4519-812a-14669f4b5e2a,SMB,php
762be866-3166-4b0c-b3fb-103f44eb89c5,Enterprise,php
ae5eb50f-a96e-441d-8f84-73b9f9a53bea,SMB,php
4b727900-e4f7-4d18-ba82-6c0c9f0dc447,Credit_Program,php
a1535686-9736-41c0-8fac-7fcb06b6efea,SMB,php
0bc6f9ad-bf44-4237-b6af-996f98f04483,Enterprise,php
c98cd295-80d3-43f3-8830-e87e4a014f2f,Enterprise,php
0e1ac875-597e-448e-9346-0c87d04cd74b,Enterprise,php
947c35b0-dabd-4767-81fa-56097b9f3e4a,Enterprise,php
7e0150a3-5e93-4431-91cc-516d09fc2772,SMB,php
39e40b2d-2ade-41fb-8d21-a9c90c901654,Enterprise,php
3180497d-2607-4a12-b55b-67545ed8b9cf,Enterprise,php
d1224854-94f7-40d1-873b-8f10fbb5341a,SMB,php
cbcb4cde-2754-4001-81a6-b3c89162c918,SMB,php
340c1ad1-6c1d-4030-b8af-17fa89dcb170,Credit_Program,php
dd70537e-9faa-4945-ab59-efa9c8164bae,SMB,php
826534c7-7ab5-48ea-ab80-a0ba9050c6e6,SMB,php
4b51b2d5-619b-4a41-a2d1-f4a05abb90f0,SMB,php
11b6c034-a340-499d-b895-46ece60e1f62,SMB,php
0cfcdf0a-67b9-4514-a4c1-b9ec4769d011,SMB,php
0e11c902-7d4c-46cd-b0e0-50e4dff2bd61,SMB,php
b2c92716-d808-4f46-b8b0-a115e5c5d28c,SMB,php
a22a9de9-3ae5-4729-9547-5034ba14181d,Enterprise,php
0cfc351b-461e-43e2-b69f-9c9751a26c96,SMB,php
0455a8cf-c0d3-43c6-8056-be7d946240a6,SMB,php
4a173002-2c2e-4cd8-b332-01751788ce16,Enterprise,php
e3488b7c-c0a5-4095-b753-23254125ead2,Enterprise,php
6043c26d-f3cb-40b3-a9b2-1c06337a704f,SMB,php
b278e60b-8c4d-4293-a62e-a848431a29d9,SMB,php
6c299b3b-0619-4020-9b5a-881d7cba41e2,Credit_Program,php
e782f88d-2e1e-45ba-b464-22b46ed1dafe,SMB,php
d49c84f8-5336-40b4-bc24-836007133407,SMB,php
0a594ad3-2d26-4274-868a-4ee6332c962a,SMB,php
90818eb0-f924-42dd-a40c-2fb0ef9883cc,SMB,php
a7df5360-443e-4e64-9779-7c25603c7647,SMB,php
8518d5b8-b447-40c4-88db-fbfa6ab6b115,Credit_Program,php
20bcc188-f7e8-41d6-babf-dc26f552982c,SMB,php
d4f3cc68-998d-4020-b2c7-a39362618331,SMB,php
0401cc5a-2927-4280-9010-f6b16c113800,SMB,php
52de85c1-4e23-4301-9004-d1e6ad763fd0,SMB,php
fd6f160d-88fc-4b05-9866-900b34f74ad8,SMB,php
9c4374e0-6350-40de-9876-8466c00ca3b3,SMB,php
a98e7f63-2618-4218-ab66-45adeda10374,Credit_Program,php
d626765a-3113-4393-872a-ede593b60865,SMB,php
54903075-df08-47f6-83e9-c1c1ab3ab82e,SMB,php
cd98c58d-fc73-4051-9509-858551a477c5,SMB,php
b3f56df9-9300-49d3-b2d3-b182491fae68,SMB,php
890b85dc-bb63-4606-af9c-4f08c5727db8,SMB,php
76c0ab93-e2cb-4dbe-8e8b-8be753afcb37,SMB,php
cb7161a6-75ae-404b-8a5b-0aa395591476,Credit_Program,php
68f9db9a-2803-4121-ab68-9919b1c0eff2,Credit_Program,python
d512e644-b797-4e9e-8b61-c3b0f0c83fe1,Credit_Program,python
85abd761-673e-4df0-87e9-d827f1511106,SMB,python
4b821be3-b0b4-4abc-82dc-db1796f15080,Enterprise,python
e75182de-6e32-41e8-a929-a8b027917b2d,SMB,python
8ce2eb72-2ae7-4fe6-b6bf-98d088d2f4d5,SMB,python
dbe8ba36-ae83-4b36-85bc-2c1aa85a2991,SMB,python
d95265cc-706d-4020-96df-8541233a3370,SMB,python
6a3ed274-d999-42ab-8853-a97522f0166e,SMB,python
9a9e1ac0-bd8d-4ef2-91f2-00444e3b7a1f,SMB,python
fef81622-bd7c-44dc-aa9f-18c8301daf8c,SMB,python
f4943659-2a44-4a6d-b5c2-e73b067dd71a,SMB,python
2034cda5-8038-4fc0-a68b-78c30362894e,SMB,python
67fd8157-168c-402c-b925-429f613b0c90,SMB,python
715be26b-832f-4651-80cf-1acf9b877eb8,SMB,python
5da678f1-cd9c-437c-8e1c-c354daa36f07,SMB,python
2699bbda-fe55-4416-b1fb-4ba1bc2c3f4c,SMB,python
b1fbcd1e-9f62-40f9-aa76-46b4a709947b,SMB,python
03e68e19-7cef-4a4e-aee3-d76fc1c47ba7,Enterprise,python
079e36b9-92c4-48e4-beb4-b8c0ba60206d,Enterprise,python
4ca3a6d8-0369-4047-a712-5dd2fdf36413,SMB,python
6bd96e87-2a16-4111-b6bf-377bce6f520a,SMB,python
57a272b9-653c-4b9c-8470-4bd90303a1e4,SMB,python
d4e62488-8556-46c1-9c07-14865e05a785,SMB,python
34f5d0b1-e1b3-4ffb-8957-0f81c8a8ea38,SMB,python
3648366f-e276-4fab-b768-416bdb8bda61,SMB,python
e3b13ec4-a200-44cc-ba4d-0fba1c2521f4,SMB,python
31398032-c073-49ab-b82d-61c7c4c7ccf4,SMB,python
f65898df-bd3a-4bb8-9fea-6a5998f9893c,Credit_Program,python
0f68b10b-82d1-43c4-b3ca-ec13a2115220,Credit_Program,python
24be01d2-e14c-4f82-b10b-5da670de10df,SMB,python
38cd747c-cd92-46b9-89e2-846f41a03d08,SMB,python
4527bab8-902a-45ea-9c2c-f2c88f769c40,SMB,python
7d862b15-06c7-4dcc-9807-6394ecfeec69,Credit_Program,python
73dbd1c1-b426-48aa-8687-b9f568ef5d7b,Credit_Program,python
bd24b2c7-2710-4cb7-a9db-e0d7491f0252,SMB,python
0baf9ae8-0e75-4c8a-80fe-34ef94180068,Enterprise,python
c94a3593-7d25-4f82-8c2f-58f9b5b7998c,SMB,python
cca6c10e-19df-4b41-b95e-17b0a9ddef2f,SMB,python
a80261b7-4450-4fd5-9e40-79074f41b0db,Credit_Program,python
3bc7361c-7127-4dc1-ba29-fc1b54ece91a,SMB,python
ed9590c8-38a0-4ec4-a103-12500b4646cf,SMB,python
efd2efe3-1ec8-46e6-aba9-58d245862428,SMB,python
55b178bc-a4ba-4e6a-9b7b-9a0ce835589f,Enterprise,python
3f2a3afc-03c5-4e50-a9e2-464bbeaca7e5,SMB,python
936ff42f-da05-4b54-91a6-fb2e6c7f31f0,Credit_Program,python
a251a9e9-b6df-4e6d-8eb5-3d3d1c5a2953,Credit_Program,python
4f12c997-7e4e-427e-bebc-811657f8e3fc,SMB,python
af187bb9-2553-49e7-9a6e-eb9497370a88,SMB,python
19e9332e-5fab-48f7-b361-9b1103e339fe,SMB,python
3c2df9bf-fdc0-48c7-ac59-c6539a652629,Credit_Program,python
bb2cbbca-031f-46de-b714-b530efde056a,SMB,python
838da033-9f6e-4367-8a03-235ded61db90,SMB,python
9022e21a-c985-4b7d-8e0c-da57f142bf35,SMB,python
12a78fee-1d52-438a-8fe3-9e9038efcf36,SMB,python
619f8d16-1f25-47fa-bac0-2629afc6d91a,Credit_Program,python
f3384c14-57e1-4e77-90b6-24d96537ca3c,SMB,python
0a0f068e-1d47-47aa-9ac5-4d21d0d4c702,SMB,python
04dc7cf9-ba94-4669-b4b0-2cf672c60fd2,SMB,python
d5ceb945-bc39-4785-93b1-a4f4758f7ca3,SMB,python
630a6b95-5aae-43e4-aef9-b332371c4e07,SMB,python
83aee8df-dd7f-49ec-8f27-00f28f36c082,SMB,python
38853362-55f8-4473-a8ee-932b7ee116fb,SMB,python
e24e6b60-5b68-4d04-83c0-8dd55c7ba57f,Credit_Program,python
9b8dae19-d03e-45b9-8928-999de871a009,SMB,python
124ab095-41d4-4e48-b81c-7baa2ba3c7fe,SMB,python
ca378e7b-53ac-4072-b155-0d3df48647ce,SMB,python
0d43fab3-364d-4a79-95b6-865c78ee4b71,SMB,python
b1a6f2e3-597f-400e-8e50-d0482d022769,SMB,python
1040c362-dd1f-4956-ae56-ba3a58f875c1,SMB,python
7df43e56-2b22-4f7e-9424-ee1b74d879de,SMB,python
55907ddf-a3f8-42c0-8843-3c5bc86652bf,SMB,python
1f964a6a-6116-4f46-8325-3d82de538e5d,SMB,python
3aef9c25-295c-4638-813d-de5618ef1636,SMB,python
f16e1ead-cda3-4449-a46e-a633b8a17f9a,SMB,python
c14f181d-e8a3-4ed0-8daf-1cb9c27bdb7d,SMB,python
9543aba1-2010-4882-850c-89e0427a959a,SMB,python
b339b3ba-9c06-43e9-be6e-358a4854885e,SMB,python
edc29c1c-a443-481b-80eb-b458a3a3bbf3,SMB,python
0a07d834-27a3-49d9-a5b1-6b14afd3cdbe,SMB,python
3a882b77-b3ff-4acf-aea8-4700558e6bd9,SMB,python
b40855b8-217b-4524-9d40-702f4d6664bf,Credit_Program,python
4a1b5ec7-6b93-411e-b8a5-ee2586cfb712,SMB,python
0dd05467-5f87-46e1-906a-a5d1b0936e60,SMB,python
f98bfb8d-e7fd-4254-90ce-5d1796642c5e,SMB,python
bcfbd44b-bf1b-472d-8118-56af5a10be0b,SMB,python
618ba995-30a5-455f-8430-0a52c20a54ab,SMB,python
1697f463-7370-451d-b41d-cfbb1948e5f6,Credit_Program,python
0c3c67fb-4ec9-49a3-89e3-33946f16cfbf,Credit_Program,python
71aac5dc-ba57-45c8-8497-e10d480b0f3d,Credit_Program,python
7d551cfd-7793-41c2-85da-27a23773fb5b,SMB,python
e115473d-f5d3-40f2-a3ac-9c0fa3ea4189,SMB,python
f9824fd6-c415-4ab7-8de1-7a2009060c6b,SMB,python
1b55b44b-1f97-4659-9eb6-fe87b553a350,SMB,python
89fe33fc-7c1f-4fce-a86f-e237c1c5cbfc,SMB,python
2d113624-5a75-42cd-ad04-1a8cc9aa02f3,SMB,python
f105bc68-77d1-484c-9079-287c629b5948,SMB,python
a33f1782-aa30-4c49-b787-47341d0992a9,SMB,python
b427f217-47cc-4ea1-aa39-87696a0614fc,SMB,python
a33834d6-6ec2-49a0-8077-a51b1a03345a,SMB,python
287eb647-5663-4243-87b1-49c8219065c5,SMB,python
d26bb0dd-5674-424f-8758-b534354a3a45,SMB,python
02963ccf-e456-4855-a391-a0529f9a58ec,SMB,python
d7a280f9-9262-478b-b68f-cc86b78f667e,SMB,python
45c03954-1567-48a2-be6b-e75086c0f686,Credit_Program,python
833c8a3f-8fa6-4166-84ce-4e613e807825,Enterprise,unknown
f91a8f28-15ac-471a-b0e6-8ed09f6998bc,Enterprise,unknown
0657617f-7c3e-4616-8a1d-b72e08591291,Enterprise,unknown
79e0aad3-b230-462c-97c3-f92fc60ca87c,SMB,unknown
fa53484f-d944-40ff-928b-5310ab369fa4,Enterprise,unknown
5efe0121-8b68-47f7-ad80-7d39aab47af5,Enterprise,unknown
d9ac1003-d4ae-4083-9ad3-b3227b8dabed,SMB,unknown
3a5de4b1-1008-410d-b004-40b89ffc2e8d,Credit_Program,unknown
ddbdb745-f6a3-44b1-a07b-d70a3047f873,SMB,unknown
931e2f02-b27b-4d6d-888b-566cc04812c5,SMB,unknown
22433950-926d-4776-884a-dc2153bb6c2f,SMB,unknown
b399fd9a-9e27-403d-8979-deabd825121f,SMB,unknown
2f9ba091-592d-48ff-9cb9-59d43e42c5f3,SMB,unknown
649a9e2e-8294-4df7-b8ba-0640d000e982,SMB,unknown
d2f1b95e-b5c4-468b-94a4-216cb5f41744,SMB,unknown
993753fe-849b-4054-b7b5-8fe3aac61ea3,SMB,unknown
fef525d0-394b-4831-97d3-3048b02b5283,SMB,unknown
35623a98-3682-473a-a6af-35ed0f3b4932,SMB,unknown
8ac23372-7453-4934-86af-5161a73d828d,SMB,unknown
bcd2b174-ec8b-4a47-beaf-b6caecbdbe8f,SMB,unknown
b875bf46-e575-47c7-a011-b0c5ebf4bd3b,SMB,unknown
1a225ce5-2fda-47dd-8450-a773156bb053,Credit_Program,unknown
de7a7dad-e300-4f9b-b8fa-e77f6aa41b3a,SMB,unknown
9b63e625-1ba2-4c29-883e-153b8c4f521d,SMB,unknown
a0c5816b-2a60-45e8-943a-f34290f5c7b6,SMB,unknown
778cdc81-fc64-42e4-83ed-e6b1e85aeb1c,SMB,unknown
4468543a-68ae-4709-8b95-866041b3c1ba,SMB,unknown
c46416e2-4f29-4569-8b8b-1cfba8fecacc,SMB,unknown
900e2eab-ce82-4b61-8ec5-e797665255a7,SMB,unknown
8d775d10-69f2-4b99-9aea-3fce949dbc90,SMB,unknown
493a991b-bf55-413e-9800-0c6c3b50cfa4,SMB,unknown
7b2b6442-84d6-41f1-9491-329a2fb1dd58,Enterprise,unknown
c5106a85-0167-498b-9da1-f3da6456050f,SMB,unknown
10f9dbf6-d0a6-4746-81e1-5b94a2377010,SMB,unknown
0ac396a8-1993-4db0-82e0-57c8b8db2063,SMB,unknown
f32e374d-5333-4544-8634-188ad4b3e258,Credit_Program,unknown
601712f2-5ab2-442f-9ae8-7eb456ea6984,Enterprise,unknown
90606697-0fe6-4796-bd89-e60f375de516,SMB,unknown
1184a43a-95c9-4672-8de4-b5294b7792df,SMB,unknown
40ec3a19-d1b9-47da-88f3-0f9e908e272f,Credit_Program,unknown
596ed948-53c3-4af8-bc9b-72c8959d2007,SMB,unknown
1569b727-782a-4667-8aba-57d507df63db,SMB,unknown
f0ecae6f-43f0-43ff-944d-8a47d2ffb108,SMB,unknown
165e58e1-c25c-44d6-8ca2-b5287e1e3581,SMB,unknown
08a9f7f3-5008-4c7b-b981-e74231f1bda2,Enterprise,unknown
88f81f26-7bb0-4378-ab65-52d003cb13d8,SMB,unknown
ce0e3144-809b-4578-8e4b-dbc8af238771,SMB,unknown
3c4e5486-ee3a-42d5-819b-c8a0a9b03422,SMB,unknown
67c03263-65b2-41c1-ac95-b289b7664b66,Credit_Program,unknown
5e1dd209-2f56-4faf-b1c1-605d4cb20629,SMB,unknown
814a0208-829c-43f9-bac6-a00aef485102,SMB,unknown
666b294d-0dc5-4588-876a-4159ee249990,SMB,unknown
f4222699-1311-48c8-84cb-4e9784d8eb59,Enterprise,unknown
06a28391-5c32-42ed-8634-a57c3f75b3b8,Credit_Program,unknown
c1bfa857-3ba5-4625-b86a-7221d49b5560,Enterprise,unknown
c5f20f5c-1ea1-47be-bdf2-8b309c5820d0,SMB,unknown
2b33b87e-af96-4f41-86c5-8771142fe3db,SMB,unknown
615f0d63-bfde-48a2-8772-d17192fa94c0,SMB,unknown
03703c71-0982-43e0-bdd0-f85c7a8f278f,Enterprise,unknown
e4cbeeb4-468a-420e-99a6-8869c01ed8ab,SMB,unknown
a7574118-c32c-4512-9462-57b23ac43add,Enterprise,unknown
dcdddcfa-ea36-4904-8fd0-c8b897d70ce2,SMB,unknown
857600d8-6ae0-4c15-975d-edb0aa6115aa,SMB,unknown
72b08dd0-74fe-4b6c-bb5c-d310e16ae894,Enterprise,unknown
4b3a7ffd-9126-4f52-b538-047d86b00ef7,SMB,unknown
24ca774c-c117-4e3d-a232-c46afc42543a,SMB,unknown
3cc96594-c5c3-4a89-9335-c743d3669773,SMB,unknown
f1aed19d-e7b0-43c1-9047-bb71201fe4ea,Credit_Program,unknown
94e1f35c-c41d-4245-b65a-409f0b24d2da,SMB,unknown
cccf778c-b91d-45f0-9006-b7174efa5ccd,SMB,unknown
a27bfc30-fa1b-4a3f-818c-c722bca77463,Enterprise,unknown
81fd6eab-93c3-4ffd-8bf0-6fceae1195eb,Enterprise,unknown
bacb987f-3a39-4327-b1ed-9271739cc252,Enterprise,unknown
50af15fd-6c8d-4f60-9fab-4e78bbdefd38,SMB,unknown
f7a351d0-ca7a-477f-bb9c-0af97afa203c,Enterprise,unknown
c1c66b80-a594-43de-ba8c-d6055f02a690,Enterprise,unknown
377c0c8d-2f5c-4401-8edd-903b7d815a1d,Enterprise,unknown
b46060ba-4f4f-4801-9989-28cc983f11a7,Credit_Program,unknown
f6717162-8234-464d-ab31-97c012bb4a64,Enterprise,unknown
c54770bc-d6a5-4d30-be5b-a21dbe8105bc,SMB,unknown
10bcf834-48f1-4e2f-a410-2f8d2c06b5be,SMB,unknown
8cb7994f-74a3-487b-9ee2-61fecfa88d63,Enterprise,unknown
3dd936c7-764a-4eb9-b133-3001bf36dde5,Enterprise,unknown
f317f033-203c-42fd-abb0-c38c214bfe6d,Enterprise,unknown
bc86f61f-8d7a-4184-8d9c-1e8336dc9ead,SMB,unknown
57f2bd88-9271-45e4-a772-6c462fbb873c,Enterprise,unknown
45be52f2-4040-439f-baa3-ca59f5c0c7f8,SMB,unknown
09253146-e96f-43af-aa2c-402799633851,Enterprise,unknown
eb673e18-74d6-412c-afee-ba122f180db4,Enterprise,unknown
e405bd39-26dd-4680-95c7-db3109766d2c,Enterprise,unknown
0ba597fe-d32d-49eb-a2c8-d8dc49ee64db,Enterprise,unknown
825c1fe9-139d-4cc2-9189-57a7bf0d1c8f,Enterprise,unknown
f576dab8-94dc-45c1-8b13-61f73bce8535,Enterprise,unknown
d6b6df92-01e2-44b4-be14-626c50238f7e,Enterprise,unknown
3bcebee9-1721-4919-ba82-d00f96d40754,Enterprise,unknown
7e62aa30-eb88-4e48-a8ff-5b1a876cbf36,Credit_Program,unknown
a8afe611-e0a8-44fa-9cc5-30738f94cdba,Enterprise,unknown
042838ec-244a-484d-a39d-0b6f265ffa41,SMB,unknown
26e05212-7aa2-4b65-956d-8dd4cf0bdd3f,Enterprise,unknown
c64a7710-aa9b-4094-9be8-a71901ff8af0,SMB,unknown
2a2391bd-2d1b-4563-9152-e7d57c4e45e6,SMB,unknown
abd87213-62f0-428c-910e-abc28b089cb8,Enterprise,unknown
65de9d1a-93e9-4479-b959-2b938e6f37e3,SMB,unknown
5d8afebf-19f1-4ede-9a87-547de6f628f2,SMB,unknown
f9b267d5-5ecd-4a92-bade-a723e3abd9aa,Enterprise,unknown
8202d171-d3dd-43bf-9eaa-31699beb08b3,Enterprise,unknown
7e0ae5ed-5a6b-44ef-8f44-50e1d3811e87,SMB,unknown
352dc568-5266-4450-8cd6-0acc7454b3e8,SMB,unknown
e18d9609-cd02-4583-a0b7-433175553f5c,Enterprise,unknown
462fc3a8-e44a-4e8f-84d3-e7bce4e23b7c,SMB,unknown
704ab299-6513-4b7e-abc6-1dbb277a19a1,Enterprise,unknown
a3a24a88-0340-4dc0-ba7f-26096dcc23a9,SMB,unknown
168c208a-fe1c-495b-a495-1cbfe2b5334c,Enterprise,unknown
59439e8b-0f87-4463-b672-a0761eccfd12,SMB,unknown
4511f840-a87d-4d63-90ac-d46d2fc3a58f,SMB,unknown
6b889718-3f74-4688-9c2e-330d33a0cca6,Enterprise,unknown
58717f42-b0a3-49e8-b076-d8c4103fa433,Enterprise,unknown
b97c9072-18cf-4b41-a7f3-54b90edb33c6,Enterprise,unknown
70e45371-e198-4769-9692-91747b6cefd9,Enterprise,unknown
0ed90727-3df4-496a-a180-3c9a1d8a1b9b,Enterprise,unknown
712aebc7-57ed-4504-b74d-30b6b00abf33,Enterprise,unknown
41dd2666-5c95-499b-a5d8-aaf87c0c7c33,SMB,unknown
55e728ab-ee8f-4ef3-ba05-9782ce01b7b8,Enterprise,unknown
f9e7866f-0dbc-47ca-b73b-5a15346a4040,Enterprise,unknown
c6d23814-3fe8-40d8-a3b1-c5f97e009e8b,SMB,unknown
ec01f818-4ed0-4ad2-aaa8-6411aedc8a86,Enterprise,unknown
e2dedd7e-6b4b-45c9-a02a-a430ea53ca2d,Enterprise,unknown
60c0f09f-cf52-4d92-9105-536a05841863,SMB,unknown
cd35b69f-61b2-4487-bc3a-35de09f919e1,Credit_Program,unknown
ba816bca-3675-4ee3-a96d-c7b3dfab7096,SMB,unknown
f8355f59-ec7b-46d9-a615-635d4095637d,Enterprise,unknown
741e404b-8fda-4cca-bc0a-e499bdaa6720,Enterprise,unknown
5bfadbee-77e5-488d-ac3b-d2380f614d55,SMB,unknown
eeb38049-e13d-4feb-bc85-b45deb075a76,Enterprise,unknown
d69226c6-6e0d-4095-9ef7-eb80979f6615,SMB,unknown
3debf877-0d25-4458-b395-23ed3e948390,SMB,unknown
1c915948-ccca-405b-a05e-9ca20721e136,SMB,unknown
18f061c0-76c0-430b-b10b-e5df3912e76b,SMB,unknown
ee5a8e05-79f2-4e0f-b7bd-06ccc7a4f599,Enterprise,unknown
44f6dedf-ed25-4864-9316-5082c4899333,Enterprise,unknown
5ada63a5-6b01-4793-9d34-a8f07c1899e8,SMB,unknown
8870e665-6b68-4fa8-a067-6e4cd538d5f7,Enterprise,unknown
dcf7ab62-3d24-43c9-b969-ba73f40a2078,SMB,unknown
5e3f13f2-3502-41f1-ba4d-b50ca35566eb,SMB,unknown
368f5494-c848-451c-bca4-323e3ebbd49f,Credit_Program,unknown
ed86fee4-8a64-4a73-99cf-191df422f3ae,Enterprise,unknown
ee210104-f66a-4828-9248-d093131ac5cc,Enterprise,unknown
36a22181-3dd1-4c02-9903-dc871cc12983,SMB,unknown
258757c0-0e62-4ca8-a62b-dd066a1c733d,Enterprise,unknown
8ef2bc65-91ba-4ed9-b354-506d982b9d34,SMB,unknown
091d0157-d1e1-4843-aa0a-69187884dc0b,Enterprise,unknown
22a04ac4-8ff6-4090-a77a-ca1d3eddb10b,Enterprise,unknown
76aaa058-25d6-449e-8c0f-81f6da4f3e0a,SMB,unknown
b24ad4f8-90e1-47b1-97a8-6e3935d9ef91,SMB,unknown
6f4b1fec-213b-4ee8-9738-bc803a7086e4,SMB,unknown
0df624fb-89f5-43d2-897d-b1a291f21875,Enterprise,unknown
334e693b-1d6a-4966-a324-23fe88dee7d9,Enterprise,unknown
5bc8c09d-0d82-42de-85ec-328651cffb26,SMB,unknown
e843fb50-fa3e-454e-81e4-551871bc370a,Credit_Program,unknown
89f40f5c-5a63-4e75-91d6-01a547d6b10f,Enterprise,unknown
00abe572-413d-4b0f-ae89-4a71f5876911,SMB,unknown
bb3110a6-1e92-48d4-9a7a-8dec3cfe7ce9,SMB,unknown
3ba934a6-824b-48a6-bfb4-afacbf698540,SMB,unknown
adfb156d-338b-479c-b863-4677f9956804,Enterprise,unknown
a7ab5f3a-3f24-4eca-b5a7-95ed5931bbd7,SMB,unknown
35640fd5-a38d-4186-ac91-a6285bf5b15a,SMB,unknown
842c276a-3264-459f-90e7-a65e46b41f76,SMB,unknown
ee7c1db3-ec6a-4260-88b0-bc18af9ba543,Enterprise,unknown
1e2e7472-fe8c-47f4-a1af-e969c93064a1,Enterprise,unknown
cb419cf5-d726-4f96-a9a6-de55935c9eb4,Enterprise,unknown
b7775968-337c-49c8-957d-b2ab42f198d2,SMB,unknown
5a0b6756-287c-4819-837f-2604d4c59aaf,Credit_Program,unknown
76868c50-faef-4779-bc81-c6601b94ef08,SMB,unknown
35f84776-03d4-4f55-aa64-4be4628912f3,Enterprise,unknown
14258fb2-1ecb-4c4b-8f05-3baef0dcdb52,Credit_Program,unknown
92442a61-ebde-41e7-914d-064ac066e140,Credit_Program,unknown
ee9eb7b7-ffcd-4212-b239-8846481bb46b,SMB,unknown
f7b6b368-272d-4805-bf4c-e70b602c8c0c,Enterprise,unknown
ac428322-717e-48db-96f4-c10470d27ae4,Enterprise,unknown
79121ab4-10b9-4313-b90d-1ffd98446eb3,SMB,unknown
8b4e2697-e800-4397-b10d-ddba1bd87b09,SMB,unknown
a75ae8a0-ca88-43db-8ebe-dde2fb91b2f1,SMB,unknown
8433cbfd-a4c2-4006-8ae4-910b4d2da11d,SMB,unknown
2fb23e35-b77d-451f-8676-759d3ab60a8b,Enterprise,unknown
2197abcd-7ea6-47fe-be62-2f04f6425dd0,Credit_Program,unknown
3373e37e-d5f7-4e12-a620-47997ed1e644,SMB,unknown
3be7e305-61b8-4e05-b4b1-3bd8e1386bab,Credit_Program,unknown
e4ab625c-c994-4c64-8524-3d8d3351efa7,Enterprise,unknown
dd2e8ee9-a2c8-4158-9925-27f7df1158e7,SMB,unknown
7822f400-41db-4bd5-91d2-beeeb81374dd,Enterprise,unknown
b2075692-826d-481e-8762-9124589ee013,Enterprise,unknown
aabb7dbf-7ce7-444a-aa9f-d7fe3125cff9,SMB,unknown
cb7697cb-3012-4f8a-8b13-533dfd74a29a,Enterprise,unknown
fed55de7-d308-427a-832b-46fee881883e,SMB,unknown
3d2864c8-4000-4d35-a273-52e040eeab44,SMB,unknown
c9e0a026-a310-4401-af1e-3fd0313b439f,SMB,unknown
7c1cd91b-2570-4aae-8865-4cbb55338621,SMB,unknown
490e7df5-e3c8-4965-9c19-0abe2d67ba5b,Enterprise,unknown
115bbc30-1d9a-4a09-9dd3-f82d27979cad,SMB,unknown
fba28bcb-fc0d-49ff-b979-5458b1474f4b,SMB,unknown
36f348a6-38ea-4f81-a8ec-2794169f68f0,SMB,unknown
f19d1e5e-21a7-40eb-ac94-02fa4f2eda78,Enterprise,unknown
22823fb2-c6f3-482b-b246-43a5f80c4c1e,Enterprise,unknown
2e612223-aebe-46e7-92ce-8ecd7b037d02,SMB,unknown
1d159ee1-6e18-40a2-97b8-fc6472681903,Enterprise,unknown
754d62b0-193e-4b08-b808-a79d2915ff7f,Enterprise,unknown
36366e2d-63f2-4777-86af-3b7ea83fefdb,Enterprise,unknown
ff830025-80ba-43c1-a4f2-82c307a44355,Enterprise,unknown
6f7d526d-908d-4bc4-a88d-fb007d1ee60c,Enterprise,unknown
e69fdaaa-1f9a-4abd-b44f-2f0396b74145,SMB,unknown
fd8f4504-66de-4c2f-888a-bba5f19e2b1d,SMB,unknown
e18fd3bf-4aee-4686-b519-6ebefbe651ab,SMB,unknown
d9afb7c1-6bbb-4c6f-9109-0cfcd5818ea9,SMB,unknown
516bd65c-3af7-474d-a991-15d9b02c53ac,Credit_Program,unknown
43f1eeb8-0c76-4be0-944a-559d58aeee3d,SMB,unknown
37ddb162-8091-46f7-8acd-b44adc488472,Credit_Program,unknown
d5f452de-27bd-4af8-9443-562292240de2,Enterprise,unknown
8f614173-65c9-4c2b-af6f-2e9ee6efb315,Enterprise,unknown
3016677d-f68b-4a3a-ba6c-a190f2bade4f,Enterprise,unknown
c2fbd0bf-62a6-4ef9-b39f-ef03df9734af,SMB,unknown
6b716c3a-80b2-4a2b-a7a9-be8393e51ab6,Enterprise,unknown
085385a6-6ac9-43b4-8a3c-7b4d311aed9f,Enterprise,unknown
c99a2cba-a82e-4363-99da-a3978a5dfad0,Enterprise,unknown
0d53cad4-19f7-4304-a016-7d080b47e935,Enterprise,unknown
a2a38459-956b-4b1a-a7a1-840edaaefdcf,SMB,unknown
2383a4c3-2320-4f7f-ba6f-de7c0f6f8136,Credit_Program,unknown
fdefaf0e-7f66-447b-88d1-62bb9e52484a,SMB,unknown
ce3846a2-2046-4de1-b03b-29f76a7d95e6,SMB,unknown
6586a8b8-5ab4-49b0-ac15-68bbfef750a2,SMB,unknown
18512006-c6c0-4493-98e0-307e57d1fc6a,Enterprise,unknown
3c26683b-90c9-44eb-8183-30dadcbd72af,Enterprise,unknown
152e9fde-5ec1-4bfa-8c45-b8db5fbda235,Enterprise,unknown
78aa2452-3f0d-4d09-995b-d5a1c44be8be,Enterprise,unknown
ddc71d29-1c87-4163-bdf5-4348d5111263,SMB,unknown
ef0283d0-4c84-4fd6-91bd-64e90378116a,Credit_Program,unknown
67be52f0-2c89-44ee-bb72-fece44bc6342,Enterprise,unknown
3e718ab9-6ee5-4f4e-b412-b756842d59c2,SMB,unknown
f96828a0-268f-4279-bf04-b51fbb7fb47d,Enterprise,unknown
eab3c8e7-56e7-4c6e-ab45-ff0b29026425,Enterprise,unknown
75670f86-064b-46ca-af65-1b2e63d36d39,Enterprise,unknown
ae5324b8-307b-4e61-b876-8f81ec2ad656,Enterprise,unknown
37e15f7f-bb57-416b-b08a-f08784d338d4,Enterprise,unknown
d49f9756-cef3-493b-9eaa-d4004b6fbe83,Enterprise,unknown
32419946-32fa-41f5-ad38-370167a3a902,Enterprise,unknown
504bc60d-e578-4526-9818-2f2e7418a3c0,Enterprise,unknown
35d81a6e-61dd-4d17-b8d3-4859bf12f0f3,SMB,unknown
6505df3d-f48f-4d50-8f44-529ff7af3930,Credit_Program,unknown
6850746b-8109-4733-8435-4671fc86bc82,Enterprise,unknown
d6828635-d29e-4949-82b4-2ec5fb6e67b2,Enterprise,unknown
cdd40b02-64d4-4af8-a4bf-b34c013c7649,Enterprise,unknown
9177c7f4-5d14-4acd-9fa8-8ad8027c1098,Enterprise,unknown
e1b83f64-fa12-4225-b9eb-b077e340e9e1,Enterprise,unknown
0ea13ff8-5b8e-4318-ad9a-d54032baaa19,SMB,unknown
5b73c660-1d22-499f-acc8-a7c3691382b1,Credit_Program,unknown
fb69640a-8ed6-4ef6-b0f4-4cfdcdc6b15b,Enterprise,unknown
ac9f8e16-92c6-4b27-8f67-a77336a8ee13,SMB,unknown
d29bc3ea-798d-40bd-bbb9-cede190e30fe,Enterprise,unknown
89f6a8f1-880b-4a8d-9e5e-30a7b38bb9ae,Enterprise,unknown
c4173e28-cdb5-4925-a6c6-462cb1ad3b08,SMB,unknown
4d246023-611c-4603-a3d9-0bee8734704c,Enterprise,unknown
b9637fa1-4385-4145-879e-7a49b64c7aa3,Credit_Program,unknown
e13bc4e4-8bd1-493a-8b6f-1ec91ace0cfc,Enterprise,unknown
a7de400e-7685-4296-ba48-01b34ca9a828,SMB,unknown
e3743a88-3bae-4cdf-874c-410c8d4ec6ca,Enterprise,unknown
256af0f3-852f-4940-86a9-e82a77361a4d,Enterprise,unknown
487bf68a-f9a1-4029-9e38-ce3cc418e603,SMB,unknown
c416241f-a482-47ee-88ee-32818b8a271d,SMB,unknown
4986953e-01e0-4eef-b825-3e10ad79334c,SMB,unknown
3c6725ac-ef4b-4e7e-8bf9-8ea672641b09,SMB,unknown
f0cacad8-ba6f-43d4-91ac-8275f256b9f5,Enterprise,unknown
e9a4230b-b021-43f9-ac4f-1d1f5770d880,Enterprise,unknown
92a15c27-d319-4772-86fb-16a2996b231c,Enterprise,unknown
af918b49-785b-4a61-9f04-abf4729b949b,Enterprise,unknown
4438b5f6-e979-4ed1-a852-71fb31bbe0ea,Enterprise,unknown
2c66a00f-b3bd-4277-b26b-62d63e00502f,Enterprise,unknown
b23c3feb-42f9-4141-9ae7-b57f251c9e38,Enterprise,unknown
a20980d2-8f57-4e35-a9a1-5483fed3523e,Enterprise,unknown
79e91de5-cebc-4cdd-8fd5-8890956a7648,Enterprise,unknown
3fefbe92-bf0f-4c94-a3c3-cda2fadb4d0e,Enterprise,unknown
9e6c42c2-3e32-46b1-8bbb-93767f64daf9,Enterprise,unknown
b46e9698-2f14-43f5-a916-257f65eeb119,Enterprise,unknown
00a7e8f4-522b-4e88-bb5d-4d5d255a213a,Enterprise,unknown
d320b952-e290-4846-b063-4bf5e2cd976a,Enterprise,unknown
386507a2-1216-415d-b0d5-e2b7399baeb9,Enterprise,unknown
7943669d-61e1-4a04-9a88-111d7e6dbb8a,Enterprise,unknown
11c9420e-534a-4503-9506-02d57c291c02,Enterprise,unknown
6bd11a44-5a94-4320-b6d5-fdec3b5eb068,Enterprise,unknown
28ce461b-863b-42e9-be10-8e24599be7c5,Enterprise,unknown
8887754c-5126-49e4-863f-6494f676bcc6,Enterprise,unknown
958a96f0-23b2-4baa-9598-aab4f2e42302,Enterprise,unknown
dee2985f-5139-4916-9f1c-ac7a4c3fe7e5,SMB,unknown
b4db218a-719f-4da8-808b-df513a2b08af,SMB,unknown
cfc916ce-0e10-4d77-9846-a4f5ff57c55d,SMB,unknown
338b09da-8b96-463a-ae55-656cbe813404,SMB,unknown
34e46e5e-19e3-4ca8-94b9-a874d25eacef,SMB,unknown
3fd8a5f0-db42-4d14-acba-ad463747cadf,SMB,unknown
c3c50b50-10fe-4836-9ed0-ba12d2612962,SMB,unknown
71dd4554-00cc-45cb-b599-4c2d3d11753a,SMB,unknown
ac364dc7-1e88-42b0-be81-f4dc89639fcb,SMB,unknown
f47f3d53-8c93-478f-8bd7-22f48ae2ce82,SMB,unknown
5261bb82-34aa-48d8-82b2-2d1492b9b8f4,SMB,unknown
32b357a3-b1d4-4839-b1b4-83108096bde8,SMB,unknown
14e27387-d804-4971-bf68-fa710c1f155e,SMB,unknown
ca5b4e95-7771-40ef-82db-10bd46179575,Credit_Program,unknown
1b5dc8c4-0656-458a-ab01-c1ff4b563558,Credit_Program,unknown
818c4fd8-6c89-4846-8184-298fa81d47de,Credit_Program,unknown
5b78e843-2047-40c1-acaf-240039c62b5c,Credit_Program,unknown
e6f972c8-4655-4b30-87ba-8d29b87b5856,Credit_Program,unknown
66448747-a970-4fe7-a793-0a3795479f4e,Credit_Program,unknown
b4248da6-3e96-409f-803c-76cfe0a0ac3c,Credit_Program,unknown
9efb0c89-d16e-4ffc-a7f0-052d783941e6,Credit_Program,unknown
f8f5d477-c77c-4c8b-89d9-ef8d51db979c,Credit_Program,unknown
61473fb2-31b8-4f2f-af9d-07830e37e5db,Credit_Program,unknown
8ccbbbc7-45e6-43d4-b833-34fab790d8b6,Credit_Program,unknown
c105db95-d2e0-40aa-bca4-df7917eb7e5c,Credit_Program,unknown
73322ee5-a58a-4527-9675-4a2ad32d2b0c,SMB,unknown
d0e91700-3bfc-44dd-8027-7a1c25ad8562,SMB,unknown
15159b91-4c65-4cc1-b9aa-b70ffb9d3213,SMB,unknown
992f96ed-53b3-4b68-a0ca-a43b690416d4,SMB,unknown
fc6bcf4d-7a92-4971-930e-d78154ebdec9,SMB,unknown
e0ac0f56-ec41-4d5f-8e87-f4164b46e846,SMB,unknown
739683ae-408b-4b1b-9b48-e8ba72b7ab29,SMB,unknown
c2dfb965-f845-4aca-b690-3608c1564253,SMB,unknown
e676248c-38c2-4db1-999a-788e3dc37f70,SMB,unknown
2cb6d7ac-e246-4cde-b292-f09f36d66af2,SMB,unknown
6c6fc779-136a-4da4-9a6c-1269ba6ea9dc,SMB,unknown
c2073a90-fd55-48b3-a629-6a3df918bd7c,SMB,unknown
26ac3729-4f75-4cfe-9b8f-b9741e52095a,SMB,unknown
705acd5e-dd36-4ddc-9857-0b03f1ac533b,SMB,unknown
2da25887-001b-4b09-bd73-203e58b2294b,SMB,unknown
5e3da085-30b4-4f09-80d6-64c2549de2d3,SMB,unknown
fb06ffdb-2e7a-4a8b-a430-1a949cecab36,SMB,unknown
e4558e24-bc3b-409f-a537-2fa8f6c6757c,SMB,unknown
63fb3e8f-4648-4b3e-8271-6bfbf59022f0,SMB,unknown
8b69837c-de72-4ad6-bf4c-36a9c1773dc0,SMB,unknown
c7978d68-3df9-41b6-9c87-809b1a1cc8b5,SMB,unknown
0a663950-f2ac-4713-8b37-30bef10cc207,SMB,unknown
081a5977-f31b-4a92-8db7-2c6669a3244f,SMB,unknown
a505ee0d-d0bb-450e-b7c6-04bf1919ce1b,SMB,unknown
4f8c5b33-be48-476e-9937-75c1dbf50efd,SMB,unknown
946fb9a9-9090-4ad4-b118-27371559ac2a,SMB,unknown
48e016a6-3b2b-466a-8695-535c05ec1bd8,SMB,unknown
cae7b20f-9755-4bf9-a003-20e5b653a357,SMB,unknown
8a4d7128-6697-486f-98cc-84ade9e88948,SMB,unknown
82e7ce12-46f9-4518-bd76-f6fd2470ac31,SMB,unknown
764d716c-13ca-4738-95b5-48b68f93d12e,SMB,unknown
3bc32c76-878a-45d0-b564-111d33ec32c3,SMB,unknown
eb2fff6c-3efc-4623-8cc4-2f19133b90c0,SMB,unknown
872dbd6b-6e77-4cb2-ab0b-c5f424cfef89,SMB,unknown
4bab84d0-e720-44ed-b1fc-9a9bd821d5a5,SMB,unknown
48df8dcb-06b7-4f48-abf1-c5c6cd0b7745,SMB,unknown
a395402c-5068-4fc5-aad2-259b9af630bb,SMB,unknown
8b8d695a-dc7c-4ba4-83eb-8ed9cf32d87c,SMB,unknown
0e35b84d-f5f9-467a-b791-af433f5a19de,SMB,unknown
978137d3-6775-4c0a-930e-3a35a2bf18d3,SMB,unknown
a4596a17-19fe-4b5d-bcbc-aafd90549323,SMB,unknown
b7c4e9d0-b775-4ff4-8765-f77823a17217,SMB,unknown
950f97f0-5863-4910-be94-9f61d374b650,SMB,unknown
0456075b-6ab3-4209-89a8-57562d6a66e4,SMB,unknown
a177093d-ca55-4e38-8c75-c284eb61979d,SMB,unknown
58a98f99-80c8-4fa6-9a59-c3f312e739ac,SMB,unknown
4659332a-266c-4671-86bc-c8fd9717b2eb,SMB,unknown
